{
  "confusion": {
    "0->0": 59,
    "0->1": 12,
    "0->2": 6,
    "0->3": 10,
    "1->0": 4,
    "1->1": 16,
    "1->2": 4,
    "1->3": 2,
    "2->0": 3,
    "2->2": 13,
    "2->3": 3,
    "3->0": 1,
    "3->1": 4,
    "3->3": 7
  },
  "label_distribution": {
    "0": 87,
    "1": 26,
    "2": 19,
    "3": 12
  },
  "macro_f1": 0.5871925572736931,
  "ovr_macro_f1": 0.5450405675204962,
  "ovr_per_class": {
    "0": {
      "f1": 0.7796610169491527,
      "precision": 0.7666666666666667,
      "recall": 0.7931034482758621,
      "support": 87.0
    },
    "1": {
      "f1": 0.5614035087719298,
      "precision": 0.5161290322580645,
      "recall": 0.6153846153846154,
      "support": 26.0
    },
    "2": {
      "f1": 0.6285714285714286,
      "precision": 0.6875,
      "recall": 0.5789473684210527,
      "support": 19.0
    },
    "3": {
      "f1": 0.2105263157894737,
      "precision": 0.2857142857142857,
      "recall": 0.16666666666666666,
      "support": 12.0
    }
  },
  "ovr_prediction_distribution": {
    "0": 90,
    "1": 31,
    "2": 16,
    "3": 7
  },
  "ovr_val_accuracy": 0.6805555555555556,
  "per_class": {
    "0": {
      "f1": 0.7662337662337662,
      "precision": 0.8805970149253731,
      "recall": 0.6781609195402298,
      "support": 87.0
    },
    "1": {
      "f1": 0.5517241379310345,
      "precision": 0.5,
      "recall": 0.6153846153846154,
      "support": 26.0
    },
    "2": {
      "f1": 0.6190476190476191,
      "precision": 0.5652173913043478,
      "recall": 0.6842105263157895,
      "support": 19.0
    },
    "3": {
      "f1": 0.4117647058823529,
      "precision": 0.3181818181818182,
      "recall": 0.5833333333333334,
      "support": 12.0
    }
  },
  "prediction_distribution": {
    "0": 67,
    "1": 32,
    "2": 23,
    "3": 22
  },
  "val_accuracy": 0.6597222222222222
}