{
  "confusion": {
    "0->0": 59,
    "0->1": 12,
    "0->2": 6,
    "0->3": 10,
    "1->0": 4,
    "1->1": 16,
    "1->2": 4,
    "1->3": 2,
    "2->0": 3,
    "2->2": 13,
    "2->3": 3,
    "3->0": 1,
    "3->1": 4,
    "3->3": 7
  },
  "label_distribution": {
    "0": 87,
    "1": 26,
    "2": 19,
    "3": 12
  },
  "macro_f1": 0.5871925572736931,
  "ovr_macro_f1": 0.5450405675204962,
  "ovr_prediction_distribution": {
    "0": 90,
    "1": 31,
    "2": 16,
    "3": 7
  },
  "ovr_val_accuracy": 0.6805555555555556,
  "prediction_distribution": {
    "0": 67,
    "1": 32,
    "2": 23,
    "3": 22
  },
  "val_accuracy": 0.6597222222222222
}