{
  "ablation_no_direction": 0.9416666666666667,
  "ablation_no_interaction": 0.9333333333333333,
  "ablation_no_neighbor": 0.8666666666666667,
  "coop_he_friendly": 0.9416666666666667,
  "coop_plaintext": 0.95,
  "fixed_time": 0.5416666666666666,
  "local_heuristic": 0.8666666666666667,
  "local_model": 0.8583333333333333,
  "max_pressure": 0.8333333333333334,
  "robustness": {
    "coop_he_friendly": 0.9333333333333333,
    "coop_plaintext": 0.925,
    "fixed_time": 0.6,
    "local_heuristic": 0.85,
    "local_model": 0.8583333333333333,
    "max_pressure": 0.8333333333333334
  }
}