{
  "ablation_no_direction": 0.825,
  "ablation_no_interaction": 0.9083333333333333,
  "ablation_no_neighbor": 0.8,
  "coop_he_friendly": 0.9166666666666666,
  "coop_plaintext": 0.9083333333333333,
  "fixed_time": 0.625,
  "local_heuristic": 0.8166666666666667,
  "local_model": 0.8083333333333333,
  "max_pressure": 0.7833333333333333,
  "robustness": {
    "coop_he_friendly": 0.9,
    "coop_plaintext": 0.875,
    "fixed_time": 0.6416666666666667,
    "local_heuristic": 0.825,
    "local_model": 0.8583333333333333,
    "max_pressure": 0.8083333333333333
  }
}