{
  "rows": [
    {
      "coop_he": 0.9167,
      "local": 0.8083,
      "no_direction": 0.825,
      "no_neighbor": 0.8,
      "seed": 7
    },
    {
      "coop_he": 0.9083,
      "local": 0.75,
      "no_direction": 0.7917,
      "no_neighbor": 0.7583,
      "seed": 13
    },
    {
      "coop_he": 0.9167,
      "local": 0.75,
      "no_direction": 0.7667,
      "no_neighbor": 0.7417,
      "seed": 23
    }
  ],
  "summary": {
    "coop_he": {
      "max": 0.9166666666666666,
      "mean": 0.9138888888888889,
      "min": 0.9083333333333333,
      "stdev": 0.003928371006591917
    },
    "local": {
      "max": 0.8083333333333333,
      "mean": 0.7694444444444445,
      "min": 0.75,
      "stdev": 0.027498597046143523
    },
    "no_direction": {
      "max": 0.825,
      "mean": 0.7944444444444444,
      "min": 0.7666666666666667,
      "stdev": 0.02389534796400726
    },
    "no_neighbor": {
      "max": 0.8,
      "mean": 0.7666666666666666,
      "min": 0.7416666666666667,
      "stdev": 0.02453266907313292
    }
  }
}