{
  "rows": [
    {
      "coop_he": 0.8417,
      "local": 0.8083,
      "no_direction": 0.8083,
      "no_neighbor": 0.8083,
      "seed": 7
    },
    {
      "coop_he": 0.925,
      "local": 0.8667,
      "no_direction": 0.8583,
      "no_neighbor": 0.9,
      "seed": 13
    },
    {
      "coop_he": 0.8917,
      "local": 0.8333,
      "no_direction": 0.8583,
      "no_neighbor": 0.8583,
      "seed": 23
    }
  ],
  "summary": {
    "coop_he": {
      "max": 0.925,
      "mean": 0.8861111111111111,
      "min": 0.8416666666666667,
      "stdev": 0.034246744460938776
    },
    "local": {
      "max": 0.8666666666666667,
      "mean": 0.8361111111111111,
      "min": 0.8083333333333333,
      "stdev": 0.023895347964007302
    },
    "no_direction": {
      "max": 0.8583333333333333,
      "mean": 0.8416666666666667,
      "min": 0.8083333333333333,
      "stdev": 0.023570226039551553
    },
    "no_neighbor": {
      "max": 0.9,
      "mean": 0.8555555555555555,
      "min": 0.8083333333333333,
      "stdev": 0.03747427100897789
    }
  }
}